10/18/2022,Philadelphia 76ers,Boston Celtics
10/18/2022,Los Angeles Lakers,Golden State Warriors
10/19/2022,Orlando Magic,Detroit Pistons
10/19/2022,Washington Wizards,Indiana Pacers
10/19/2022,Houston Rockets,Atlanta Hawks
10/19/2022,New Orleans Pelicans,Brooklyn Nets
10/19/2022,New York Knicks,Memphis Grizzlies
10/19/2022,Chicago Bulls,Miami Heat
10/19/2022,Cleveland Cavaliers,Toronto Raptors
10/19/2022,Oklahoma City Thunder,Minnesota Timberwolves
10/19/2022,Charlotte Hornets,San Antonio Spurs
10/19/2022,Denver Nuggets,Utah Jazz
10/19/2022,Dallas Mavericks,Phoenix Suns
10/19/2022,Portland Trail Blazers,Sacramento Kings
10/20/2022,Milwaukee Bucks,Philadelphia 76ers
10/20/2022,Los Angeles Clippers,Los Angeles Lakers
10/21/2022,New Orleans Pelicans,Charlotte Hornets
10/21/2022,San Antonio Spurs,Indiana Pacers
10/21/2022,Chicago Bulls,Washington Wizards
10/21/2022,Orlando Magic,Atlanta Hawks
10/21/2022,Toronto Raptors,Brooklyn Nets
10/21/2022,Boston Celtics,Miami Heat
10/21/2022,Detroit Pistons,New York Knicks
10/21/2022,Memphis Grizzlies,Houston Rockets
10/21/2022,Utah Jazz,Minnesota Timberwolves
10/21/2022,Denver Nuggets,Golden State Warriors
10/21/2022,Phoenix Suns,Portland Trail Blazers
10/22/2022,San Antonio Spurs,Philadelphia 76ers
10/22/2022,Detroit Pistons,Indiana Pacers
10/22/2022,Boston Celtics,Orlando Magic
10/22/2022,Cleveland Cavaliers,Chicago Bulls
10/22/2022,Toronto Raptors,Miami Heat
10/22/2022,Houston Rockets,Milwaukee Bucks
10/22/2022,Memphis Grizzlies,Dallas Mavericks
10/22/2022,Oklahoma City Thunder,Denver Nuggets
10/22/2022,Los Angeles Clippers,Sacramento Kings
10/23/2022,Portland Trail Blazers,Los Angeles Lakers
10/23/2022,Charlotte Hornets,Atlanta Hawks
10/23/2022,Washington Wizards,Cleveland Cavaliers
10/23/2022,Utah Jazz,New Orleans Pelicans
10/23/2022,Minnesota Timberwolves,Oklahoma City Thunder
10/23/2022,Sacramento Kings,Golden State Warriors
10/23/2022,Phoenix Suns,Los Angeles Clippers
10/24/2022,Indiana Pacers,Philadelphia 76ers
10/24/2022,Toronto Raptors,Miami Heat
10/24/2022,Orlando Magic,New York Knicks
10/24/2022,Boston Celtics,Chicago Bulls
10/24/2022,Utah Jazz,Houston Rockets
10/24/2022,Brooklyn Nets,Memphis Grizzlies
10/24/2022,San Antonio Spurs,Minnesota Timberwolves
10/24/2022,Denver Nuggets,Portland Trail Blazers
10/25/2022,Detroit Pistons,Washington Wizards
10/25/2022,Dallas Mavericks,New Orleans Pelicans
10/25/2022,Los Angeles Clippers,Oklahoma City Thunder
10/25/2022,Golden State Warriors,Phoenix Suns
10/26/2022,Orlando Magic,Cleveland Cavaliers
10/26/2022,Atlanta Hawks,Detroit Pistons
10/26/2022,Brooklyn Nets,Milwaukee Bucks
10/26/2022,Charlotte Hornets,New York Knicks
10/26/2022,Philadelphia 76ers,Toronto Raptors
10/26/2022,Indiana Pacers,Chicago Bulls
10/26/2022,San Antonio Spurs,Minnesota Timberwolves
10/26/2022,Houston Rockets,Utah Jazz
10/26/2022,Los Angeles Lakers,Denver Nuggets
10/26/2022,Miami Heat,Portland Trail Blazers
10/27/2022,Dallas Mavericks,Brooklyn Nets
10/27/2022,Los Angeles Clippers,Oklahoma City Thunder
10/27/2022,Miami Heat,Golden State Warriors
10/27/2022,Memphis Grizzlies,Sacramento Kings
10/28/2022,Atlanta Hawks,Detroit Pistons
10/28/2022,Charlotte Hornets,Orlando Magic
10/28/2022,Cleveland Cavaliers,Boston Celtics
10/28/2022,Philadelphia 76ers,Toronto Raptors
10/28/2022,Indiana Pacers,Washington Wizards
10/28/2022,New York Knicks,Milwaukee Bucks
10/28/2022,Los Angeles Lakers,Minnesota Timberwolves
10/28/2022,Chicago Bulls,San Antonio Spurs
10/28/2022,Utah Jazz,Denver Nuggets
10/28/2022,New Orleans Pelicans,Phoenix Suns
10/28/2022,Houston Rockets,Portland Trail Blazers
10/29/2022,Miami Heat,Sacramento Kings
10/29/2022,Golden State Warriors,Charlotte Hornets
10/29/2022,Indiana Pacers,Brooklyn Nets
10/29/2022,Philadelphia 76ers,Chicago Bulls
10/29/2022,Atlanta Hawks,Milwaukee Bucks
10/29/2022,Oklahoma City Thunder,Dallas Mavericks
10/29/2022,Memphis Grizzlies,Utah Jazz
10/30/2022,New Orleans Pelicans,Los Angeles Clippers
10/30/2022,Washington Wizards,Boston Celtics
10/30/2022,New York Knicks,Cleveland Cavaliers
10/30/2022,Golden State Warriors,Detroit Pistons
10/30/2022,Minnesota Timberwolves,San Antonio Spurs
10/30/2022,Orlando Magic,Dallas Mavericks
10/30/2022,Houston Rockets,Phoenix Suns
10/30/2022,Denver Nuggets,Los Angeles Lakers
10/31/2022,Sacramento Kings,Charlotte Hornets
10/31/2022,Philadelphia 76ers,Washington Wizards
10/31/2022,Indiana Pacers,Brooklyn Nets
10/31/2022,Atlanta Hawks,Toronto Raptors
10/31/2022,Detroit Pistons,Milwaukee Bucks
10/31/2022,Memphis Grizzlies,Utah Jazz
10/31/2022,Houston Rockets,Los Angeles Clippers
11/1/2022,Chicago Bulls,Brooklyn Nets
11/1/2022,Golden State Warriors,Miami Heat
11/1/2022,Orlando Magic,Oklahoma City Thunder
11/1/2022,Minnesota Timberwolves,Phoenix Suns
11/2/2022,Boston Celtics,Cleveland Cavaliers
11/2/2022,Washington Wizards,Philadelphia 76ers
11/2/2022,Charlotte Hornets,Chicago Bulls
11/2/2022,Sacramento Kings,Miami Heat
11/2/2022,Atlanta Hawks,New York Knicks
11/2/2022,Los Angeles Clippers,Houston Rockets
11/2/2022,Detroit Pistons,Milwaukee Bucks
11/2/2022,Toronto Raptors,San Antonio Spurs
11/2/2022,Utah Jazz,Dallas Mavericks
11/2/2022,Memphis Grizzlies,Portland Trail Blazers
11/2/2022,New Orleans Pelicans,Los Angeles Lakers
11/3/2022,Golden State Warriors,Orlando Magic
11/3/2022,Denver Nuggets,Oklahoma City Thunder
11/4/2022,Cleveland Cavaliers,Detroit Pistons
11/4/2022,Miami Heat,Indiana Pacers
11/4/2022,New York Knicks,Philadelphia 76ers
11/4/2022,Brooklyn Nets,Washington Wizards
11/4/2022,Chicago Bulls,Boston Celtics
11/4/2022,Charlotte Hornets,Memphis Grizzlies
11/4/2022,Los Angeles Clippers,San Antonio Spurs
11/4/2022,Toronto Raptors,Dallas Mavericks
11/4/2022,Golden State Warriors,New Orleans Pelicans
11/4/2022,Milwaukee Bucks,Minnesota Timberwolves
11/4/2022,Portland Trail Blazers,Phoenix Suns
11/4/2022,Utah Jazz,Los Angeles Lakers
11/5/2022,Sacramento Kings,Orlando Magic
11/5/2022,Brooklyn Nets,Charlotte Hornets
11/5/2022,New Orleans Pelicans,Atlanta Hawks
11/5/2022,Boston Celtics,New York Knicks
11/5/2022,Oklahoma City Thunder,Milwaukee Bucks
11/5/2022,Houston Rockets,Minnesota Timberwolves
11/5/2022,San Antonio Spurs,Denver Nuggets
11/5/2022,Portland Trail Blazers,Phoenix Suns
11/6/2022,Cleveland Cavaliers,Los Angeles Lakers
11/6/2022,Washington Wizards,Memphis Grizzlies
11/6/2022,Chicago Bulls,Toronto Raptors
11/6/2022,Utah Jazz,Los Angeles Clippers
11/7/2022,Washington Wizards,Charlotte Hornets
11/7/2022,Houston Rockets,Orlando Magic
11/7/2022,Oklahoma City Thunder,Detroit Pistons
11/7/2022,New Orleans Pelicans,Indiana Pacers
11/7/2022,Phoenix Suns,Philadelphia 76ers
11/7/2022,Milwaukee Bucks,Atlanta Hawks
11/7/2022,Portland Trail Blazers,Miami Heat
11/7/2022,Toronto Raptors,Chicago Bulls
11/7/2022,Boston Celtics,Memphis Grizzlies
11/7/2022,New York Knicks,Minnesota Timberwolves
11/7/2022,Denver Nuggets,San Antonio Spurs
11/7/2022,Brooklyn Nets,Dallas Mavericks
11/7/2022,Sacramento Kings,Golden State Warriors
11/7/2022,Los Angeles Lakers,Utah Jazz
11/7/2022,Cleveland Cavaliers,Los Angeles Clippers
11/9/2022,Portland Trail Blazers,Charlotte Hornets
11/9/2022,Denver Nuggets,Indiana Pacers
11/9/2022,Dallas Mavericks,Orlando Magic
11/9/2022,Utah Jazz,Atlanta Hawks
11/9/2022,Detroit Pistons,Boston Celtics
11/9/2022,New York Knicks,Brooklyn Nets
11/9/2022,Houston Rockets,Toronto Raptors
11/9/2022,New Orleans Pelicans,Chicago Bulls
11/9/2022,Phoenix Suns,Minnesota Timberwolves
11/9/2022,Milwaukee Bucks,Oklahoma City Thunder
11/9/2022,Memphis Grizzlies,San Antonio Spurs
11/9/2022,Los Angeles Lakers,Los Angeles Clippers
11/9/2022,Cleveland Cavaliers,Sacramento Kings
11/10/2022,Dallas Mavericks,Washington Wizards
11/10/2022,Philadelphia 76ers,Atlanta Hawks
11/10/2022,Charlotte Hornets,Miami Heat
11/10/2022,Portland Trail Blazers,New Orleans Pelicans
11/11/2022,Denver Nuggets,Boston Celtics
11/11/2022,Phoenix Suns,Orlando Magic
11/11/2022,Detroit Pistons,New York Knicks
11/11/2022,Toronto Raptors,Oklahoma City Thunder
11/11/2022,Milwaukee Bucks,San Antonio Spurs
11/11/2022,Minnesota Timberwolves,Memphis Grizzlies
11/11/2022,Cleveland Cavaliers,Golden State Warriors
11/11/2022,Sacramento Kings,Los Angeles Lakers
11/12/2022,Brooklyn Nets,Los Angeles Clippers
11/12/2022,Utah Jazz,Washington Wizards
11/12/2022,Boston Celtics,Detroit Pistons
11/12/2022,Toronto Raptors,Indiana Pacers
11/12/2022,Atlanta Hawks,Philadelphia 76ers
11/12/2022,Charlotte Hornets,Miami Heat
11/12/2022,Portland Trail Blazers,Dallas Mavericks
11/12/2022,Houston Rockets,New Orleans Pelicans
11/13/2022,Oklahoma City Thunder,New York Knicks
11/13/2022,Minnesota Timberwolves,Cleveland Cavaliers
11/13/2022,Memphis Grizzlies,Washington Wizards
11/13/2022,Utah Jazz,Philadelphia 76ers
11/13/2022,Denver Nuggets,Chicago Bulls
11/13/2022,Golden State Warriors,Sacramento Kings
11/13/2022,Brooklyn Nets,Los Angeles Lakers
11/14/2022,Toronto Raptors,Detroit Pistons
11/14/2022,Charlotte Hornets,Orlando Magic
11/14/2022,Oklahoma City Thunder,Boston Celtics
11/14/2022,Phoenix Suns,Miami Heat
11/14/2022,Los Angeles Clippers,Houston Rockets
11/14/2022,Atlanta Hawks,Milwaukee Bucks
11/14/2022,San Antonio Spurs,Golden State Warriors
11/15/2022,Memphis Grizzlies,New Orleans Pelicans
11/15/2022,Los Angeles Clippers,Dallas Mavericks
11/15/2022,San Antonio Spurs,Portland Trail Blazers
11/15/2022,Brooklyn Nets,Sacramento Kings
11/15/2022,New York Knicks,Utah Jazz
11/16/2022,Indiana Pacers,Charlotte Hornets
11/16/2022,Minnesota Timberwolves,Orlando Magic
11/16/2022,Oklahoma City Thunder,Washington Wizards
11/16/2022,Boston Celtics,Atlanta Hawks
11/16/2022,Miami Heat,Toronto Raptors
11/16/2022,Cleveland Cavaliers,Milwaukee Bucks
11/16/2022,Chicago Bulls,New Orleans Pelicans
11/16/2022,Houston Rockets,Dallas Mavericks
11/16/2022,New York Knicks,Denver Nuggets
11/16/2022,Golden State Warriors,Phoenix Suns
11/17/2022,Brooklyn Nets,Portland Trail Blazers
11/17/2022,San Antonio Spurs,Sacramento Kings
11/17/2022,Detroit Pistons,Los Angeles Clippers
11/18/2022,Miami Heat,Washington Wizards
11/18/2022,Charlotte Hornets,Cleveland Cavaliers
11/18/2022,Milwaukee Bucks,Philadelphia 76ers
11/18/2022,Orlando Magic,Chicago Bulls
11/18/2022,Indiana Pacers,Houston Rockets
11/18/2022,Oklahoma City Thunder,Memphis Grizzlies
11/18/2022,Denver Nuggets,Dallas Mavericks
11/18/2022,Boston Celtics,New Orleans Pelicans
11/18/2022,Phoenix Suns,Utah Jazz
11/18/2022,New York Knicks,Golden State Warriors
11/18/2022,Detroit Pistons,Los Angeles Lakers
11/19/2022,Toronto Raptors,Atlanta Hawks
11/19/2022,Orlando Magic,Indiana Pacers
11/19/2022,Minnesota Timberwolves,Philadelphia 76ers
11/19/2022,Utah Jazz,Portland Trail Blazers
11/19/2022,San Antonio Spurs,Los Angeles Clippers
11/20/2022,New York Knicks,Phoenix Suns
11/20/2022,Detroit Pistons,Sacramento Kings
11/20/2022,Charlotte Hornets,Washington Wizards
11/20/2022,Memphis Grizzlies,Brooklyn Nets
11/20/2022,Miami Heat,Cleveland Cavaliers
11/20/2022,Golden State Warriors,Houston Rockets
11/20/2022,Denver Nuggets,Dallas Mavericks
11/20/2022,San Antonio Spurs,Los Angeles Lakers
11/21/2022,Atlanta Hawks,Cleveland Cavaliers
11/21/2022,Orlando Magic,Indiana Pacers
11/21/2022,Boston Celtics,Chicago Bulls
11/21/2022,Portland Trail Blazers,Milwaukee Bucks
11/21/2022,Miami Heat,Minnesota Timberwolves
11/21/2022,Golden State Warriors,New Orleans Pelicans
11/21/2022,New York Knicks,Oklahoma City Thunder
11/21/2022,Utah Jazz,Los Angeles Clippers
11/22/2022,Brooklyn Nets,Philadelphia 76ers
11/22/2022,Sacramento Kings,Memphis Grizzlies
11/22/2022,Detroit Pistons,Denver Nuggets
11/22/2022,Los Angeles Lakers,Phoenix Suns
11/23/2022,Philadelphia 76ers,Charlotte Hornets
11/23/2022,Portland Trail Blazers,Cleveland Cavaliers
11/23/2022,Minnesota Timberwolves,Indiana Pacers
11/23/2022,Sacramento Kings,Atlanta Hawks
11/23/2022,Dallas Mavericks,Boston Celtics
11/23/2022,Washington Wizards,Miami Heat
11/23/2022,Brooklyn Nets,Toronto Raptors
11/23/2022,Chicago Bulls,Milwaukee Bucks
11/23/2022,Denver Nuggets,Oklahoma City Thunder
11/23/2022,New Orleans Pelicans,San Antonio Spurs
11/23/2022,Detroit Pistons,Utah Jazz
11/23/2022,Los Angeles Clippers,Golden State Warriors
11/25/2022,Minnesota Timberwolves,Charlotte Hornets
11/25/2022,Philadelphia 76ers,Orlando Magic
11/25/2022,Portland Trail Blazers,New York Knicks
11/25/2022,Sacramento Kings,Boston Celtics
11/25/2022,Atlanta Hawks,Houston Rockets
11/25/2022,Brooklyn Nets,Indiana Pacers
11/25/2022,New Orleans Pelicans,Memphis Grizzlies
11/25/2022,Washington Wizards,Miami Heat
11/25/2022,Cleveland Cavaliers,Milwaukee Bucks
11/25/2022,Chicago Bulls,Oklahoma City Thunder
11/25/2022,Los Angeles Lakers,San Antonio Spurs
11/25/2022,Detroit Pistons,Phoenix Suns
11/25/2022,Utah Jazz,Golden State Warriors
11/25/2022,Denver Nuggets,Los Angeles Clippers
11/26/2022,Dallas Mavericks,Toronto Raptors
11/26/2022,Oklahoma City Thunder,Houston Rockets
11/26/2022,Los Angeles Lakers,San Antonio Spurs
11/26/2022,Utah Jazz,Phoenix Suns
11/27/2022,Portland Trail Blazers,Brooklyn Nets
11/27/2022,Golden State Warriors,Minnesota Timberwolves
11/27/2022,Indiana Pacers,Los Angeles Clippers
11/27/2022,Miami Heat,Atlanta Hawks
11/27/2022,Washington Wizards,Boston Celtics
11/27/2022,Cleveland Cavaliers,Detroit Pistons
11/27/2022,Memphis Grizzlies,New York Knicks
11/27/2022,Philadelphia 76ers,Orlando Magic
11/27/2022,Dallas Mavericks,Milwaukee Bucks
11/28/2022,Atlanta Hawks,Philadelphia 76ers
11/28/2022,Minnesota Timberwolves,Washington Wizards
11/28/2022,Charlotte Hornets,Boston Celtics
11/28/2022,Orlando Magic,Brooklyn Nets
11/28/2022,Cleveland Cavaliers,Toronto Raptors
11/28/2022,Oklahoma City Thunder,New Orleans Pelicans
11/28/2022,Houston Rockets,Denver Nuggets
11/28/2022,Chicago Bulls,Utah Jazz
11/28/2022,Phoenix Suns,Sacramento Kings
11/28/2022,Indiana Pacers,Los Angeles Lakers
11/29/2022,New York Knicks,Detroit Pistons
11/29/2022,Golden State Warriors,Dallas Mavericks
11/29/2022,Los Angeles Clippers,Portland Trail Blazers
11/30/2022,Philadelphia 76ers,Cleveland Cavaliers
11/30/2022,Atlanta Hawks,Orlando Magic
11/30/2022,Miami Heat,Boston Celtics
11/30/2022,Washington Wizards,Brooklyn Nets
11/30/2022,Milwaukee Bucks,New York Knicks
11/30/2022,Memphis Grizzlies,Minnesota Timberwolves
11/30/2022,Toronto Raptors,New Orleans Pelicans
11/30/2022,San Antonio Spurs,Oklahoma City Thunder
11/30/2022,Houston Rockets,Denver Nuggets
11/30/2022,Chicago Bulls,Phoenix Suns
11/30/2022,Los Angeles Clippers,Utah Jazz
11/30/2022,Indiana Pacers,Sacramento Kings
11/30/2022,Portland Trail Blazers,Los Angeles Lakers
12/1/2022,Dallas Mavericks,Detroit Pistons
12/2/2022,Washington Wizards,Charlotte Hornets
12/2/2022,Denver Nuggets,Atlanta Hawks
12/2/2022,Miami Heat,Boston Celtics
12/2/2022,Toronto Raptors,Brooklyn Nets
12/2/2022,Orlando Magic,Cleveland Cavaliers
12/2/2022,Los Angeles Lakers,Milwaukee Bucks
12/2/2022,Philadelphia 76ers,Memphis Grizzlies
12/2/2022,New Orleans Pelicans,San Antonio Spurs
12/2/2022,Houston Rockets,Phoenix Suns
12/2/2022,Indiana Pacers,Utah Jazz
12/2/2022,Chicago Bulls,Golden State Warriors
12/3/2022,Dallas Mavericks,New York Knicks
12/3/2022,Sacramento Kings,Los Angeles Clippers
12/3/2022,Milwaukee Bucks,Charlotte Hornets
12/3/2022,Oklahoma City Thunder,Minnesota Timberwolves
12/3/2022,Orlando Magic,Toronto Raptors
12/3/2022,Houston Rockets,Golden State Warriors
12/3/2022,Portland Trail Blazers,Utah Jazz
12/4/2022,Denver Nuggets,New Orleans Pelicans
12/4/2022,Phoenix Suns,San Antonio Spurs
12/4/2022,Boston Celtics,Brooklyn Nets
12/4/2022,Memphis Grizzlies,Detroit Pistons
12/4/2022,Cleveland Cavaliers,New York Knicks
12/4/2022,Chicago Bulls,Sacramento Kings
12/4/2022,Los Angeles Lakers,Washington Wizards
12/4/2022,Indiana Pacers,Portland Trail Blazers
12/5/2022,Los Angeles Clippers,Charlotte Hornets
12/5/2022,Milwaukee Bucks,Orlando Magic
12/5/2022,Oklahoma City Thunder,Atlanta Hawks
12/5/2022,Boston Celtics,Toronto Raptors
12/5/2022,Philadelphia 76ers,Houston Rockets
12/5/2022,Miami Heat,Memphis Grizzlies
12/5/2022,Phoenix Suns,Dallas Mavericks
12/5/2022,Indiana Pacers,Golden State Warriors
12/6/2022,Los Angeles Lakers,Cleveland Cavaliers
12/6/2022,Detroit Pistons,Miami Heat
12/6/2022,Dallas Mavericks,Denver Nuggets
12/7/2022,Los Angeles Clippers,Orlando Magic
12/7/2022,Charlotte Hornets,Brooklyn Nets
12/7/2022,Atlanta Hawks,New York Knicks
12/7/2022,Los Angeles Lakers,Toronto Raptors
12/7/2022,Washington Wizards,Chicago Bulls
12/7/2022,Oklahoma City Thunder,Memphis Grizzlies
12/7/2022,Sacramento Kings,Milwaukee Bucks
12/7/2022,Indiana Pacers,Minnesota Timberwolves
12/7/2022,Detroit Pistons,New Orleans Pelicans
12/7/2022,Golden State Warriors,Utah Jazz
12/7/2022,Boston Celtics,Phoenix Suns
12/8/2022,Los Angeles Clippers,Miami Heat
12/8/2022,Houston Rockets,San Antonio Spurs
12/8/2022,Denver Nuggets,Portland Trail Blazers
12/9/2022,New York Knicks,Charlotte Hornets
12/9/2022,Washington Wizards,Indiana Pacers
12/9/2022,Toronto Raptors,Orlando Magic
12/9/2022,Atlanta Hawks,Brooklyn Nets
12/9/2022,Sacramento Kings,Cleveland Cavaliers
12/9/2022,Los Angeles Lakers,Philadelphia 76ers
12/9/2022,Detroit Pistons,Memphis Grizzlies
12/9/2022,Phoenix Suns,New Orleans Pelicans
12/9/2022,Minnesota Timberwolves,Utah Jazz
12/9/2022,Milwaukee Bucks,Dallas Mavericks
12/10/2022,San Antonio Spurs,Miami Heat
12/10/2022,Brooklyn Nets,Indiana Pacers
12/10/2022,Los Angeles Clippers,Washington Wizards
12/10/2022,Oklahoma City Thunder,Cleveland Cavaliers
12/10/2022,Dallas Mavericks,Chicago Bulls
12/10/2022,Boston Celtics,Golden State Warriors
12/10/2022,Utah Jazz,Denver Nuggets
12/10/2022,Minnesota Timberwolves,Portland Trail Blazers
12/11/2022,Phoenix Suns,New Orleans Pelicans
12/11/2022,Los Angeles Lakers,Detroit Pistons
12/11/2022,Sacramento Kings,New York Knicks
12/11/2022,Toronto Raptors,Orlando Magic
12/11/2022,Charlotte Hornets,Philadelphia 76ers
12/11/2022,Chicago Bulls,Atlanta Hawks
12/11/2022,Milwaukee Bucks,Houston Rockets
12/12/2022,Miami Heat,Indiana Pacers
12/12/2022,Brooklyn Nets,Washington Wizards
12/12/2022,Atlanta Hawks,Memphis Grizzlies
12/12/2022,Oklahoma City Thunder,Dallas Mavericks
12/12/2022,Cleveland Cavaliers,San Antonio Spurs
12/12/2022,Minnesota Timberwolves,Portland Trail Blazers
12/12/2022,Boston Celtics,Los Angeles Clippers
12/13/2022,Sacramento Kings,Philadelphia 76ers
12/13/2022,Golden State Warriors,Milwaukee Bucks
12/13/2022,Phoenix Suns,Houston Rockets
12/13/2022,New Orleans Pelicans,Utah Jazz
12/13/2022,Boston Celtics,Los Angeles Lakers
12/14/2022,Detroit Pistons,Charlotte Hornets
12/14/2022,Golden State Warriors,Indiana Pacers
12/14/2022,Atlanta Hawks,Orlando Magic
12/14/2022,New York Knicks,Chicago Bulls
12/14/2022,Sacramento Kings,Toronto Raptors
12/14/2022,Miami Heat,Oklahoma City Thunder
12/14/2022,Portland Trail Blazers,San Antonio Spurs
12/14/2022,Cleveland Cavaliers,Dallas Mavericks
12/14/2022,Washington Wizards,Denver Nuggets
12/14/2022,Minnesota Timberwolves,Los Angeles Clippers
12/15/2022,Miami Heat,Houston Rockets
12/15/2022,Milwaukee Bucks,Memphis Grizzlies
12/15/2022,New Orleans Pelicans,Utah Jazz
12/15/2022,Phoenix Suns,Los Angeles Clippers
12/16/2022,Atlanta Hawks,Charlotte Hornets
12/16/2022,Sacramento Kings,Detroit Pistons
12/16/2022,Orlando Magic,Boston Celtics
12/16/2022,Indiana Pacers,Cleveland Cavaliers
12/16/2022,Golden State Warriors,Philadelphia 76ers
12/16/2022,Brooklyn Nets,Toronto Raptors
12/16/2022,New York Knicks,Chicago Bulls
12/16/2022,Minnesota Timberwolves,Oklahoma City Thunder
12/16/2022,Portland Trail Blazers,Dallas Mavericks
12/16/2022,Denver Nuggets,Los Angeles Lakers
12/17/2022,Washington Wizards,Los Angeles Clippers
12/17/2022,Miami Heat,San Antonio Spurs
12/17/2022,Dallas Mavericks,Cleveland Cavaliers
12/17/2022,Portland Trail Blazers,Houston Rockets
12/17/2022,Utah Jazz,Milwaukee Bucks
12/17/2022,Memphis Grizzlies,Oklahoma City Thunder
12/17/2022,New Orleans Pelicans,Phoenix Suns
12/18/2022,Orlando Magic,Boston Celtics
12/18/2022,New York Knicks,Indiana Pacers
12/18/2022,Brooklyn Nets,Detroit Pistons
12/18/2022,Golden State Warriors,Toronto Raptors
12/18/2022,Chicago Bulls,Minnesota Timberwolves
12/18/2022,Charlotte Hornets,Denver Nuggets
12/18/2022,Washington Wizards,Los Angeles Lakers
12/19/2022,Utah Jazz,Cleveland Cavaliers
12/19/2022,Toronto Raptors,Philadelphia 76ers
12/19/2022,Orlando Magic,Atlanta Hawks
12/19/2022,San Antonio Spurs,Houston Rockets
12/19/2022,Dallas Mavericks,Minnesota Timberwolves
12/19/2022,Milwaukee Bucks,New Orleans Pelicans
12/19/2022,Portland Trail Blazers,Oklahoma City Thunder
12/19/2022,Los Angeles Lakers,Phoenix Suns
12/19/2022,Charlotte Hornets,Sacramento Kings
12/20/2022,Utah Jazz,Detroit Pistons
12/20/2022,Chicago Bulls,Miami Heat
12/20/2022,Golden State Warriors,New York Knicks
12/20/2022,Washington Wizards,Phoenix Suns
12/20/2022,Memphis Grizzlies,Denver Nuggets
12/21/2022,Milwaukee Bucks,Cleveland Cavaliers
12/21/2022,Detroit Pistons,Philadelphia 76ers
12/21/2022,Chicago Bulls,Atlanta Hawks
12/21/2022,Indiana Pacers,Boston Celtics
12/21/2022,Golden State Warriors,Brooklyn Nets
12/21/2022,Toronto Raptors,New York Knicks
12/21/2022,Orlando Magic,Houston Rockets
12/21/2022,Dallas Mavericks,Minnesota Timberwolves
12/21/2022,Portland Trail Blazers,Oklahoma City Thunder
12/21/2022,Los Angeles Lakers,Sacramento Kings
12/21/2022,Charlotte Hornets,Los Angeles Clippers
12/22/2022,San Antonio Spurs,New Orleans Pelicans
12/22/2022,Washington Wizards,Utah Jazz
12/23/2022,San Antonio Spurs,Orlando Magic
12/23/2022,Los Angeles Clippers,Philadelphia 76ers
12/23/2022,Detroit Pistons,Atlanta Hawks
12/23/2022,Minnesota Timberwolves,Boston Celtics
12/23/2022,Milwaukee Bucks,Brooklyn Nets
12/23/2022,Toronto Raptors,Cleveland Cavaliers
12/23/2022,Chicago Bulls,New York Knicks
12/23/2022,Dallas Mavericks,Houston Rockets
12/23/2022,Indiana Pacers,Miami Heat
12/23/2022,New Orleans Pelicans,Oklahoma City Thunder
12/23/2022,Portland Trail Blazers,Denver Nuggets
12/23/2022,Memphis Grizzlies,Phoenix Suns
12/23/2022,Washington Wizards,Sacramento Kings
12/23/2022,Charlotte Hornets,Los Angeles Lakers
12/25/2022,Philadelphia 76ers,New York Knicks
12/25/2022,Los Angeles Lakers,Dallas Mavericks
12/25/2022,Milwaukee Bucks,Boston Celtics
12/25/2022,Memphis Grizzlies,Golden State Warriors
12/25/2022,Phoenix Suns,Denver Nuggets
12/26/2022,Brooklyn Nets,Cleveland Cavaliers
12/26/2022,Los Angeles Clippers,Detroit Pistons
12/26/2022,Minnesota Timberwolves,Miami Heat
12/26/2022,Houston Rockets,Chicago Bulls
12/26/2022,Indiana Pacers,New Orleans Pelicans
12/26/2022,Utah Jazz,San Antonio Spurs
12/26/2022,Charlotte Hornets,Portland Trail Blazers
12/27/2022,Los Angeles Lakers,Orlando Magic
12/27/2022,Philadelphia 76ers,Washington Wizards
12/27/2022,Houston Rockets,Boston Celtics
12/27/2022,Atlanta Hawks,Indiana Pacers
12/27/2022,Los Angeles Clippers,Toronto Raptors
12/27/2022,Phoenix Suns,Memphis Grizzlies
12/27/2022,San Antonio Spurs,Oklahoma City Thunder
12/27/2022,New York Knicks,Dallas Mavericks
12/27/2022,Charlotte Hornets,Golden State Warriors
12/27/2022,Denver Nuggets,Sacramento Kings
12/28/2022,Orlando Magic,Detroit Pistons
12/28/2022,Phoenix Suns,Washington Wizards
12/28/2022,Brooklyn Nets,Atlanta Hawks
12/28/2022,Los Angeles Lakers,Miami Heat
12/28/2022,Milwaukee Bucks,Chicago Bulls
12/28/2022,Minnesota Timberwolves,New Orleans Pelicans
12/28/2022,Utah Jazz,Golden State Warriors
12/28/2022,Denver Nuggets,Sacramento Kings
12/29/2022,Oklahoma City Thunder,Charlotte Hornets
12/29/2022,Cleveland Cavaliers,Indiana Pacers
12/29/2022,Los Angeles Clippers,Boston Celtics
12/29/2022,Memphis Grizzlies,Toronto Raptors
12/29/2022,New York Knicks,San Antonio Spurs
12/29/2022,Houston Rockets,Dallas Mavericks
12/30/2022,Washington Wizards,Orlando Magic
12/30/2022,Los Angeles Lakers,Atlanta Hawks
12/30/2022,Phoenix Suns,Toronto Raptors
12/30/2022,Detroit Pistons,Chicago Bulls
12/30/2022,Minnesota Timberwolves,Milwaukee Bucks
12/30/2022,Philadelphia 76ers,New Orleans Pelicans
12/30/2022,Miami Heat,Denver Nuggets
12/30/2022,Portland Trail Blazers,Golden State Warriors
12/30/2022,Utah Jazz,Sacramento Kings
12/31/2022,Los Angeles Clippers,Indiana Pacers
12/31/2022,Cleveland Cavaliers,Chicago Bulls
12/31/2022,Brooklyn Nets,Charlotte Hornets
12/31/2022,New York Knicks,Houston Rockets
12/31/2022,Dallas Mavericks,San Antonio Spurs
12/31/2022,New Orleans Pelicans,Memphis Grizzlies
12/31/2022,Detroit Pistons,Minnesota Timberwolves
12/31/2022,Philadelphia 76ers,Oklahoma City Thunder
12/31/2022,Miami Heat,Utah Jazz
1/1/2023,Boston Celtics,Denver Nuggets
1/1/2023,Sacramento Kings,Memphis Grizzlies
1/1/2023,Washington Wizards,Milwaukee Bucks
1/2/2023,Phoenix Suns,New York Knicks
1/2/2023,Los Angeles Lakers,Charlotte Hornets
1/2/2023,Chicago Bulls,Cleveland Cavaliers
1/2/2023,Toronto Raptors,Indiana Pacers
1/2/2023,New Orleans Pelicans,Philadelphia 76ers
1/2/2023,San Antonio Spurs,Brooklyn Nets
1/2/2023,Dallas Mavericks,Houston Rockets
1/2/2023,Denver Nuggets,Minnesota Timberwolves
1/2/2023,Atlanta Hawks,Golden State Warriors
1/2/2023,Detroit Pistons,Portland Trail Blazers
1/2/2023,Miami Heat,Los Angeles Clippers
1/3/2023,Washington Wizards,Milwaukee Bucks
1/3/2023,Boston Celtics,Oklahoma City Thunder
1/3/2023,Sacramento Kings,Utah Jazz
1/4/2023,Memphis Grizzlies,Charlotte Hornets
1/4/2023,Phoenix Suns,Cleveland Cavaliers
1/4/2023,Oklahoma City Thunder,Orlando Magic
1/4/2023,Indiana Pacers,Philadelphia 76ers
1/4/2023,San Antonio Spurs,New York Knicks
1/4/2023,Milwaukee Bucks,Toronto Raptors
1/4/2023,Brooklyn Nets,Chicago Bulls
1/4/2023,Portland Trail Blazers,Minnesota Timberwolves
1/4/2023,Houston Rockets,New Orleans Pelicans
1/4/2023,Detroit Pistons,Golden State Warriors
1/4/2023,Miami Heat,Los Angeles Lakers
1/4/2023,Atlanta Hawks,Sacramento Kings
1/5/2023,Memphis Grizzlies,Orlando Magic
1/5/2023,Boston Celtics,Dallas Mavericks
1/5/2023,Utah Jazz,Houston Rockets
1/5/2023,Los Angeles Clippers,Denver Nuggets
1/6/2023,Portland Trail Blazers,Indiana Pacers
1/6/2023,Chicago Bulls,Philadelphia 76ers
1/6/2023,New York Knicks,Toronto Raptors
1/6/2023,Charlotte Hornets,Milwaukee Bucks
1/6/2023,Washington Wizards,Oklahoma City Thunder
1/6/2023,Detroit Pistons,San Antonio Spurs
1/6/2023,Brooklyn Nets,New Orleans Pelicans
1/6/2023,Cleveland Cavaliers,Denver Nuggets
1/6/2023,Los Angeles Clippers,Minnesota Timberwolves
1/6/2023,Miami Heat,Phoenix Suns
1/6/2023,Atlanta Hawks,Los Angeles Lakers
1/7/2023,Boston Celtics,San Antonio Spurs
1/7/2023,Utah Jazz,Chicago Bulls
1/7/2023,New Orleans Pelicans,Dallas Mavericks
1/7/2023,Orlando Magic,Golden State Warriors
1/7/2023,Los Angeles Lakers,Sacramento Kings
1/8/2023,Philadelphia 76ers,Detroit Pistons
1/8/2023,Portland Trail Blazers,Toronto Raptors
1/8/2023,Charlotte Hornets,Indiana Pacers
1/8/2023,Utah Jazz,Memphis Grizzlies
1/8/2023,Brooklyn Nets,Miami Heat
1/8/2023,Minnesota Timberwolves,Houston Rockets
1/8/2023,Dallas Mavericks,Oklahoma City Thunder
1/8/2023,Cleveland Cavaliers,Phoenix Suns
1/8/2023,Atlanta Hawks,Los Angeles Clippers
1/9/2023,New Orleans Pelicans,Washington Wizards
1/9/2023,Chicago Bulls,Boston Celtics
1/9/2023,Milwaukee Bucks,New York Knicks
1/9/2023,San Antonio Spurs,Memphis Grizzlies
1/9/2023,Los Angeles Lakers,Denver Nuggets
1/9/2023,Orlando Magic,Sacramento Kings
1/10/2023,Oklahoma City Thunder,Miami Heat
1/10/2023,Detroit Pistons,Philadelphia 76ers
1/10/2023,Charlotte Hornets,Toronto Raptors
1/10/2023,Cleveland Cavaliers,Utah Jazz
1/10/2023,Phoenix Suns,Golden State Warriors
1/10/2023,Orlando Magic,Portland Trail Blazers
1/10/2023,Dallas Mavericks,Los Angeles Clippers
1/11/2023,Minnesota Timberwolves,Detroit Pistons
1/11/2023,Chicago Bulls,Washington Wizards
1/11/2023,Milwaukee Bucks,Atlanta Hawks
1/11/2023,New Orleans Pelicans,Boston Celtics
1/11/2023,Indiana Pacers,New York Knicks
1/11/2023,San Antonio Spurs,Memphis Grizzlies
1/11/2023,Phoenix Suns,Denver Nuggets
1/11/2023,Houston Rockets,Sacramento Kings
1/12/2023,Oklahoma City Thunder,Philadelphia 76ers
1/12/2023,Boston Celtics,Brooklyn Nets
1/12/2023,Milwaukee Bucks,Miami Heat
1/12/2023,Charlotte Hornets,Toronto Raptors
1/12/2023,Dallas Mavericks,Los Angeles Lakers
1/12/2023,Cleveland Cavaliers,Portland Trail Blazers
1/13/2023,New Orleans Pelicans,Detroit Pistons
1/13/2023,Atlanta Hawks,Indiana Pacers
1/13/2023,New York Knicks,Washington Wizards
1/13/2023,Golden State Warriors,San Antonio Spurs
1/13/2023,Oklahoma City Thunder,Chicago Bulls
1/13/2023,Phoenix Suns,Minnesota Timberwolves
1/13/2023,Orlando Magic,Utah Jazz
1/13/2023,Denver Nuggets,Los Angeles Clippers
1/13/2023,Houston Rockets,Sacramento Kings
1/14/2023,Milwaukee Bucks,Miami Heat
1/14/2023,Boston Celtics,Charlotte Hornets
1/14/2023,Memphis Grizzlies,Indiana Pacers
1/14/2023,Atlanta Hawks,Toronto Raptors
1/14/2023,Cleveland Cavaliers,Minnesota Timberwolves
1/14/2023,Philadelphia 76ers,Utah Jazz
1/14/2023,Dallas Mavericks,Portland Trail Blazers
1/15/2023,New York Knicks,Detroit Pistons
1/15/2023,Houston Rockets,Los Angeles Clippers
1/15/2023,Golden State Warriors,Chicago Bulls
1/15/2023,Oklahoma City Thunder,Brooklyn Nets
1/15/2023,Sacramento Kings,San Antonio Spurs
1/15/2023,Orlando Magic,Denver Nuggets
1/15/2023,Dallas Mavericks,Portland Trail Blazers
1/15/2023,Philadelphia 76ers,Los Angeles Lakers
1/16/2023,Boston Celtics,Charlotte Hornets
1/16/2023,Indiana Pacers,Milwaukee Bucks
1/16/2023,New Orleans Pelicans,Cleveland Cavaliers
1/16/2023,Toronto Raptors,New York Knicks
1/16/2023,Golden State Warriors,Washington Wizards
1/16/2023,Miami Heat,Atlanta Hawks
1/16/2023,Utah Jazz,Minnesota Timberwolves
1/16/2023,Phoenix Suns,Memphis Grizzlies
1/16/2023,Houston Rockets,Los Angeles Lakers
1/17/2023,Toronto Raptors,Milwaukee Bucks
1/17/2023,Brooklyn Nets,San Antonio Spurs
1/17/2023,Portland Trail Blazers,Denver Nuggets
1/17/2023,Philadelphia 76ers,Los Angeles Clippers
1/18/2023,Atlanta Hawks,Dallas Mavericks
1/18/2023,Washington Wizards,New York Knicks
1/18/2023,Charlotte Hornets,Houston Rockets
1/18/2023,Cleveland Cavaliers,Memphis Grizzlies
1/18/2023,Miami Heat,New Orleans Pelicans
1/18/2023,Indiana Pacers,Oklahoma City Thunder
1/18/2023,Los Angeles Clippers,Utah Jazz
1/18/2023,Minnesota Timberwolves,Denver Nuggets
1/18/2023,Sacramento Kings,Los Angeles Lakers
1/19/2023,Chicago Bulls,Detroit Pistons
1/19/2023,Golden State Warriors,Boston Celtics
1/19/2023,Toronto Raptors,Minnesota Timberwolves
1/19/2023,Brooklyn Nets,Phoenix Suns
1/19/2023,Philadelphia 76ers,Portland Trail Blazers
1/20/2023,New Orleans Pelicans,Orlando Magic
1/20/2023,New York Knicks,Atlanta Hawks
1/20/2023,Golden State Warriors,Cleveland Cavaliers
1/20/2023,Miami Heat,Dallas Mavericks
1/20/2023,Los Angeles Clippers,San Antonio Spurs
1/20/2023,Indiana Pacers,Denver Nuggets
1/20/2023,Brooklyn Nets,Utah Jazz
1/20/2023,Memphis Grizzlies,Los Angeles Lakers
1/20/2023,Oklahoma City Thunder,Sacramento Kings
1/21/2023,Boston Celtics,Toronto Raptors
1/21/2023,Orlando Magic,Washington Wizards
1/21/2023,Charlotte Hornets,Atlanta Hawks
1/21/2023,Milwaukee Bucks,Cleveland Cavaliers
1/21/2023,Houston Rockets,Minnesota Timberwolves
1/21/2023,Indiana Pacers,Phoenix Suns
1/21/2023,Philadelphia 76ers,Sacramento Kings
1/22/2023,New Orleans Pelicans,Miami Heat
1/22/2023,New York Knicks,Toronto Raptors
1/22/2023,Los Angeles Clippers,Dallas Mavericks
1/22/2023,Oklahoma City Thunder,Denver Nuggets
1/22/2023,Memphis Grizzlies,Phoenix Suns
1/22/2023,Brooklyn Nets,Golden State Warriors
1/22/2023,Los Angeles Lakers,Portland Trail Blazers
1/23/2023,Milwaukee Bucks,Detroit Pistons
1/23/2023,Boston Celtics,Orlando Magic
1/23/2023,Atlanta Hawks,Chicago Bulls
1/23/2023,Minnesota Timberwolves,Houston Rockets
1/23/2023,Charlotte Hornets,Utah Jazz
1/23/2023,San Antonio Spurs,Portland Trail Blazers
1/23/2023,Memphis Grizzlies,Sacramento Kings
1/24/2023,Chicago Bulls,Indiana Pacers
1/24/2023,Boston Celtics,Miami Heat
1/24/2023,Cleveland Cavaliers,New York Knicks
1/24/2023,Denver Nuggets,New Orleans Pelicans
1/24/2023,Washington Wizards,Dallas Mavericks
1/24/2023,Charlotte Hornets,Phoenix Suns
1/24/2023,Los Angeles Clippers,Los Angeles Lakers
1/25/2023,Indiana Pacers,Orlando Magic
1/25/2023,Brooklyn Nets,Philadelphia 76ers
1/25/2023,Washington Wizards,Houston Rockets
1/25/2023,Denver Nuggets,Milwaukee Bucks
1/25/2023,Minnesota Timberwolves,New Orleans Pelicans
1/25/2023,Atlanta Hawks,Oklahoma City Thunder
1/25/2023,Memphis Grizzlies,Golden State Warriors
1/25/2023,Utah Jazz,Portland Trail Blazers
1/25/2023,Toronto Raptors,Sacramento Kings
1/25/2023,San Antonio Spurs,Los Angeles Lakers
1/26/2023,New York Knicks,Boston Celtics
1/26/2023,Detroit Pistons,Brooklyn Nets
1/26/2023,Chicago Bulls,Charlotte Hornets
1/26/2023,Cleveland Cavaliers,Houston Rockets
1/26/2023,Dallas Mavericks,Phoenix Suns
1/26/2023,San Antonio Spurs,Los Angeles Clippers
1/27/2023,Milwaukee Bucks,Indiana Pacers
1/27/2023,Memphis Grizzlies,Minnesota Timberwolves
1/27/2023,Orlando Magic,Miami Heat
1/27/2023,Cleveland Cavaliers,Oklahoma City Thunder
1/27/2023,Toronto Raptors,Golden State Warriors
1/28/2023,Denver Nuggets,Philadelphia 76ers
1/28/2023,New York Knicks,Brooklyn Nets
1/28/2023,Houston Rockets,Detroit Pistons
1/28/2023,Chicago Bulls,Orlando Magic
1/28/2023,Los Angeles Clippers,Atlanta Hawks
1/28/2023,Sacramento Kings,Minnesota Timberwolves
1/28/2023,Washington Wizards,New Orleans Pelicans
1/28/2023,Phoenix Suns,San Antonio Spurs
1/28/2023,Los Angeles Lakers,Boston Celtics
1/28/2023,Dallas Mavericks,Utah Jazz
1/28/2023,Toronto Raptors,Portland Trail Blazers
1/29/2023,Miami Heat,Charlotte Hornets
1/29/2023,Indiana Pacers,Memphis Grizzlies
1/29/2023,Los Angeles Clippers,Cleveland Cavaliers
1/29/2023,New Orleans Pelicans,Milwaukee Bucks
1/30/2023,Orlando Magic,Philadelphia 76ers
1/30/2023,Los Angeles Lakers,Brooklyn Nets
1/30/2023,Sacramento Kings,Minnesota Timberwolves
1/30/2023,Golden State Warriors,Oklahoma City Thunder
1/30/2023,Washington Wizards,San Antonio Spurs
1/30/2023,Detroit Pistons,Dallas Mavericks
1/30/2023,Toronto Raptors,Phoenix Suns
1/30/2023,Atlanta Hawks,Portland Trail Blazers
1/31/2023,Miami Heat,Cleveland Cavaliers
1/31/2023,Los Angeles Lakers,New York Knicks
1/31/2023,Los Angeles Clippers,Chicago Bulls
1/31/2023,Charlotte Hornets,Milwaukee Bucks
1/31/2023,New Orleans Pelicans,Denver Nuggets
2/1/2023,Washington Wizards,Detroit Pistons
2/1/2023,Portland Trail Blazers,Memphis Grizzlies
2/1/2023,Orlando Magic,Philadelphia 76ers
2/1/2023,Brooklyn Nets,Boston Celtics
2/1/2023,Oklahoma City Thunder,Houston Rockets
2/1/2023,Golden State Warriors,Minnesota Timberwolves
2/1/2023,Sacramento Kings,San Antonio Spurs
2/1/2023,Toronto Raptors,Utah Jazz
2/1/2023,Atlanta Hawks,Phoenix Suns
2/2/2023,Los Angeles Lakers,Indiana Pacers
2/2/2023,Memphis Grizzlies,Cleveland Cavaliers
2/2/2023,Miami Heat,New York Knicks
2/2/2023,Charlotte Hornets,Chicago Bulls
2/2/2023,New Orleans Pelicans,Dallas Mavericks
2/2/2023,Golden State Warriors,Denver Nuggets
2/2/2023,Los Angeles Clippers,Milwaukee Bucks
2/3/2023,Charlotte Hornets,Detroit Pistons
2/3/2023,Sacramento Kings,Indiana Pacers
2/3/2023,Portland Trail Blazers,Washington Wizards
2/3/2023,Phoenix Suns,Boston Celtics
2/3/2023,Toronto Raptors,Houston Rockets
2/3/2023,Orlando Magic,Minnesota Timberwolves
2/3/2023,Philadelphia 76ers,San Antonio Spurs
2/3/2023,Atlanta Hawks,Utah Jazz
2/4/2023,Washington Wizards,Brooklyn Nets
2/4/2023,Phoenix Suns,Detroit Pistons
2/4/2023,Los Angeles Clippers,New York Knicks
2/4/2023,Portland Trail Blazers,Chicago Bulls
2/4/2023,Miami Heat,Milwaukee Bucks
2/4/2023,Los Angeles Lakers,New Orleans Pelicans
2/4/2023,Houston Rockets,Oklahoma City Thunder
2/4/2023,Dallas Mavericks,Golden State Warriors
2/4/2023,Atlanta Hawks,Denver Nuggets
2/5/2023,Orlando Magic,Charlotte Hornets
2/5/2023,Cleveland Cavaliers,Indiana Pacers
2/5/2023,Toronto Raptors,Memphis Grizzlies
2/5/2023,Philadelphia 76ers,New York Knicks
2/5/2023,Denver Nuggets,Minnesota Timberwolves
2/5/2023,Sacramento Kings,New Orleans Pelicans
2/6/2023,Boston Celtics,Detroit Pistons
2/6/2023,Cleveland Cavaliers,Washington Wizards
2/6/2023,Los Angeles Clippers,Brooklyn Nets
2/6/2023,San Antonio Spurs,Chicago Bulls
2/6/2023,Sacramento Kings,Houston Rockets
2/6/2023,Dallas Mavericks,Utah Jazz
2/6/2023,Oklahoma City Thunder,Golden State Warriors
2/6/2023,Milwaukee Bucks,Portland Trail Blazers
2/7/2023,New York Knicks,Orlando Magic
2/7/2023,Phoenix Suns,Brooklyn Nets
2/7/2023,Atlanta Hawks,New Orleans Pelicans
2/7/2023,Chicago Bulls,Memphis Grizzlies
2/7/2023,Minnesota Timberwolves,Denver Nuggets
2/7/2023,Oklahoma City Thunder,Los Angeles Lakers
2/8/2023,Detroit Pistons,Cleveland Cavaliers
2/8/2023,Charlotte Hornets,Washington Wizards
2/8/2023,Philadelphia 76ers,Boston Celtics
2/8/2023,Indiana Pacers,Miami Heat
2/8/2023,San Antonio Spurs,Toronto Raptors
2/8/2023,Sacramento Kings,Houston Rockets
2/8/2023,Minnesota Timberwolves,Utah Jazz
2/8/2023,Dallas Mavericks,Los Angeles Clippers
2/8/2023,Golden State Warriors,Portland Trail Blazers
2/9/2023,Denver Nuggets,Orlando Magic
2/9/2023,Phoenix Suns,Atlanta Hawks
2/9/2023,Chicago Bulls,Brooklyn Nets
2/9/2023,Milwaukee Bucks,Los Angeles Lakers
2/10/2023,San Antonio Spurs,Detroit Pistons
2/10/2023,Phoenix Suns,Indiana Pacers
2/10/2023,New York Knicks,Philadelphia 76ers
2/10/2023,Charlotte Hornets,Boston Celtics
2/10/2023,Utah Jazz,Toronto Raptors
2/10/2023,Minnesota Timberwolves,Memphis Grizzlies
2/10/2023,Houston Rockets,Miami Heat
2/10/2023,Cleveland Cavaliers,New Orleans Pelicans
2/10/2023,Oklahoma City Thunder,Portland Trail Blazers
2/10/2023,Dallas Mavericks,Sacramento Kings
2/10/2023,Milwaukee Bucks,Los Angeles Clippers
2/11/2023,Philadelphia 76ers,Brooklyn Nets
2/11/2023,Denver Nuggets,Charlotte Hornets
2/11/2023,Miami Heat,Orlando Magic
2/11/2023,Indiana Pacers,Washington Wizards
2/11/2023,San Antonio Spurs,Atlanta Hawks
2/11/2023,Utah Jazz,New York Knicks
2/11/2023,Chicago Bulls,Cleveland Cavaliers
2/11/2023,Los Angeles Lakers,Golden State Warriors
2/11/2023,Dallas Mavericks,Sacramento Kings
2/12/2023,Memphis Grizzlies,Boston Celtics
2/12/2023,Detroit Pistons,Toronto Raptors
2/13/2023,Atlanta Hawks,Charlotte Hornets
2/13/2023,San Antonio Spurs,Cleveland Cavaliers
2/13/2023,Utah Jazz,Indiana Pacers
2/13/2023,Houston Rockets,Philadelphia 76ers
2/13/2023,Denver Nuggets,Miami Heat
2/13/2023,Brooklyn Nets,New York Knicks
2/13/2023,Orlando Magic,Chicago Bulls
2/13/2023,New Orleans Pelicans,Oklahoma City Thunder
2/13/2023,Minnesota Timberwolves,Dallas Mavericks
2/13/2023,Washington Wizards,Golden State Warriors
2/13/2023,Los Angeles Lakers,Portland Trail Blazers
2/14/2023,Boston Celtics,Milwaukee Bucks
2/14/2023,Orlando Magic,Toronto Raptors
2/14/2023,Sacramento Kings,Phoenix Suns
2/14/2023,Golden State Warriors,Los Angeles Clippers
2/14/2023,Washington Wizards,Portland Trail Blazers
2/15/2023,San Antonio Spurs,Charlotte Hornets
2/15/2023,Chicago Bulls,Indiana Pacers
2/15/2023,Cleveland Cavaliers,Philadelphia 76ers
2/15/2023,New York Knicks,Atlanta Hawks
2/15/2023,Detroit Pistons,Boston Celtics
2/15/2023,Miami Heat,Brooklyn Nets
2/15/2023,Utah Jazz,Memphis Grizzlies
2/15/2023,Houston Rockets,Oklahoma City Thunder
2/15/2023,Dallas Mavericks,Denver Nuggets
2/15/2023,New Orleans Pelicans,Los Angeles Lakers
2/16/2023,Milwaukee Bucks,Chicago Bulls
2/16/2023,Washington Wizards,Minnesota Timberwolves
2/16/2023,Los Angeles Clippers,Phoenix Suns
2/23/2023,Denver Nuggets,Cleveland Cavaliers
2/23/2023,Boston Celtics,Indiana Pacers
2/23/2023,Detroit Pistons,Orlando Magic
2/23/2023,Memphis Grizzlies,Philadelphia 76ers
2/23/2023,New Orleans Pelicans,Toronto Raptors
2/23/2023,San Antonio Spurs,Dallas Mavericks
2/23/2023,Oklahoma City Thunder,Utah Jazz
2/23/2023,Golden State Warriors,Los Angeles Lakers
2/23/2023,Portland Trail Blazers,Sacramento Kings
2/24/2023,New York Knicks,Washington Wizards
2/24/2023,Cleveland Cavaliers,Atlanta Hawks
2/24/2023,Miami Heat,Milwaukee Bucks
2/24/2023,Charlotte Hornets,Minnesota Timberwolves
2/24/2023,Oklahoma City Thunder,Phoenix Suns
2/24/2023,Brooklyn Nets,Chicago Bulls
2/24/2023,Houston Rockets,Golden State Warriors
2/24/2023,Sacramento Kings,Los Angeles Clippers
2/25/2023,Toronto Raptors,Detroit Pistons
2/25/2023,Miami Heat,Charlotte Hornets
2/25/2023,Indiana Pacers,Orlando Magic
2/25/2023,New Orleans Pelicans,New York Knicks
2/25/2023,Denver Nuggets,Memphis Grizzlies
2/25/2023,Boston Celtics,Philadelphia 76ers
2/25/2023,San Antonio Spurs,Utah Jazz
2/26/2023,Phoenix Suns,Milwaukee Bucks
2/26/2023,Brooklyn Nets,Atlanta Hawks
2/26/2023,Washington Wizards,Chicago Bulls
2/26/2023,Los Angeles Lakers,Dallas Mavericks
2/26/2023,Toronto Raptors,Cleveland Cavaliers
2/26/2023,Sacramento Kings,Oklahoma City Thunder
2/26/2023,Minnesota Timberwolves,Golden State Warriors
2/26/2023,Houston Rockets,Portland Trail Blazers
2/26/2023,Los Angeles Clippers,Denver Nuggets
2/27/2023,Detroit Pistons,Charlotte Hornets
2/27/2023,Miami Heat,Philadelphia 76ers
2/27/2023,Boston Celtics,New York Knicks
2/27/2023,Orlando Magic,New Orleans Pelicans
2/28/2023,Washington Wizards,Atlanta Hawks
2/28/2023,Milwaukee Bucks,Brooklyn Nets
2/28/2023,Chicago Bulls,Toronto Raptors
2/28/2023,Denver Nuggets,Houston Rockets
2/28/2023,Los Angeles Lakers,Memphis Grizzlies
2/28/2023,Sacramento Kings,Oklahoma City Thunder
2/28/2023,Indiana Pacers,Dallas Mavericks
2/28/2023,San Antonio Spurs,Utah Jazz
2/28/2023,Portland Trail Blazers,Golden State Warriors
2/28/2023,Minnesota Timberwolves,Los Angeles Clippers
3/1/2023,Phoenix Suns,Charlotte Hornets
3/1/2023,Chicago Bulls,Detroit Pistons
3/1/2023,Cleveland Cavaliers,Boston Celtics
3/1/2023,Philadelphia 76ers,Miami Heat
3/1/2023,Brooklyn Nets,New York Knicks
3/1/2023,Memphis Grizzlies,Houston Rockets
3/1/2023,Orlando Magic,Milwaukee Bucks
3/1/2023,Los Angeles Lakers,Oklahoma City Thunder
3/1/2023,New Orleans Pelicans,Portland Trail Blazers
3/2/2023,Toronto Raptors,Washington Wizards
3/2/2023,Philadelphia 76ers,Dallas Mavericks
3/2/2023,Indiana Pacers,San Antonio Spurs
3/2/2023,Los Angeles Clippers,Golden State Warriors
3/3/2023,Orlando Magic,Charlotte Hornets
3/3/2023,Portland Trail Blazers,Atlanta Hawks
3/3/2023,Brooklyn Nets,Boston Celtics
3/3/2023,Phoenix Suns,Chicago Bulls
3/3/2023,New York Knicks,Miami Heat
3/3/2023,Utah Jazz,Oklahoma City Thunder
3/3/2023,Memphis Grizzlies,Denver Nuggets
3/3/2023,New Orleans Pelicans,Golden State Warriors
3/3/2023,Los Angeles Clippers,Sacramento Kings
3/3/2023,Minnesota Timberwolves,Los Angeles Lakers
3/4/2023,Toronto Raptors,Washington Wizards
3/4/2023,Detroit Pistons,Cleveland Cavaliers
3/4/2023,Atlanta Hawks,Miami Heat
3/4/2023,Houston Rockets,San Antonio Spurs
3/4/2023,Philadelphia 76ers,Milwaukee Bucks
3/4/2023,Minnesota Timberwolves,Sacramento Kings
3/5/2023,Phoenix Suns,Dallas Mavericks
3/5/2023,Indiana Pacers,Chicago Bulls
3/5/2023,Golden State Warriors,Los Angeles Lakers
3/5/2023,Charlotte Hornets,Brooklyn Nets
3/5/2023,Portland Trail Blazers,Orlando Magic
3/5/2023,San Antonio Spurs,Houston Rockets
3/5/2023,Utah Jazz,Oklahoma City Thunder
3/5/2023,New York Knicks,Boston Celtics
3/5/2023,Memphis Grizzlies,Los Angeles Clippers
3/6/2023,Boston Celtics,Cleveland Cavaliers
3/6/2023,Philadelphia 76ers,Indiana Pacers
3/6/2023,Milwaukee Bucks,Washington Wizards
3/6/2023,Atlanta Hawks,Miami Heat
3/6/2023,Toronto Raptors,Denver Nuggets
3/6/2023,New Orleans Pelicans,Sacramento Kings
3/7/2023,Portland Trail Blazers,Detroit Pistons
3/7/2023,Milwaukee Bucks,Orlando Magic
3/7/2023,Philadelphia 76ers,Minnesota Timberwolves
3/7/2023,Charlotte Hornets,New York Knicks
3/7/2023,Brooklyn Nets,Houston Rockets
3/7/2023,Golden State Warriors,Oklahoma City Thunder
3/7/2023,Utah Jazz,Dallas Mavericks
3/7/2023,Memphis Grizzlies,Los Angeles Lakers
3/8/2023,Atlanta Hawks,Washington Wizards
3/8/2023,Portland Trail Blazers,Boston Celtics
3/8/2023,Cleveland Cavaliers,Miami Heat
3/8/2023,Dallas Mavericks,New Orleans Pelicans
3/8/2023,Chicago Bulls,Denver Nuggets
3/8/2023,Oklahoma City Thunder,Phoenix Suns
3/8/2023,Toronto Raptors,Los Angeles Clippers
3/9/2023,Charlotte Hornets,Detroit Pistons
3/9/2023,Houston Rockets,Indiana Pacers
3/9/2023,Utah Jazz,Orlando Magic
3/9/2023,Brooklyn Nets,Milwaukee Bucks
3/9/2023,Golden State Warriors,Memphis Grizzlies
3/9/2023,New York Knicks,Sacramento Kings
3/10/2023,Portland Trail Blazers,Philadelphia 76ers
3/10/2023,Atlanta Hawks,Washington Wizards
3/10/2023,Cleveland Cavaliers,Miami Heat
3/10/2023,Brooklyn Nets,Minnesota Timberwolves
3/10/2023,Denver Nuggets,San Antonio Spurs
3/10/2023,Toronto Raptors,Los Angeles Lakers
3/11/2023,New York Knicks,Los Angeles Clippers
3/11/2023,Utah Jazz,Charlotte Hornets
3/11/2023,Indiana Pacers,Detroit Pistons
3/11/2023,Miami Heat,Orlando Magic
3/11/2023,Boston Celtics,Atlanta Hawks
3/11/2023,Chicago Bulls,Houston Rockets
3/11/2023,Dallas Mavericks,Memphis Grizzlies
3/11/2023,Milwaukee Bucks,Golden State Warriors
3/11/2023,Oklahoma City Thunder,New Orleans Pelicans
3/11/2023,Sacramento Kings,Phoenix Suns
3/12/2023,Brooklyn Nets,Denver Nuggets
3/12/2023,Cleveland Cavaliers,Charlotte Hornets
3/12/2023,Washington Wizards,Philadelphia 76ers
3/12/2023,Portland Trail Blazers,New Orleans Pelicans
3/12/2023,Oklahoma City Thunder,San Antonio Spurs
3/12/2023,New York Knicks,Los Angeles Lakers
3/13/2023,Indiana Pacers,Detroit Pistons
3/13/2023,Minnesota Timberwolves,Atlanta Hawks
3/13/2023,Memphis Grizzlies,Dallas Mavericks
3/13/2023,Utah Jazz,Miami Heat
3/13/2023,Boston Celtics,Houston Rockets
3/13/2023,Phoenix Suns,Golden State Warriors
3/13/2023,Milwaukee Bucks,Sacramento Kings
3/14/2023,Cleveland Cavaliers,Charlotte Hornets
3/14/2023,Detroit Pistons,Washington Wizards
3/14/2023,Denver Nuggets,Toronto Raptors
3/14/2023,Los Angeles Lakers,New Orleans Pelicans
3/14/2023,Brooklyn Nets,Oklahoma City Thunder
3/14/2023,Orlando Magic,San Antonio Spurs
3/14/2023,Milwaukee Bucks,Phoenix Suns
3/14/2023,New York Knicks,Portland Trail Blazers
3/15/2023,Philadelphia 76ers,Cleveland Cavaliers
3/15/2023,Memphis Grizzlies,Miami Heat
3/15/2023,Sacramento Kings,Chicago Bulls
3/15/2023,Los Angeles Lakers,Houston Rockets
3/15/2023,Boston Celtics,Minnesota Timberwolves
3/15/2023,Dallas Mavericks,San Antonio Spurs
3/15/2023,Golden State Warriors,Los Angeles Clippers
3/16/2023,Denver Nuggets,Detroit Pistons
3/16/2023,Sacramento Kings,Brooklyn Nets
3/16/2023,Oklahoma City Thunder,Toronto Raptors
3/16/2023,Indiana Pacers,Milwaukee Bucks
3/16/2023,Orlando Magic,Phoenix Suns
3/17/2023,Philadelphia 76ers,Charlotte Hornets
3/17/2023,Golden State Warriors,Atlanta Hawks
3/17/2023,Washington Wizards,Cleveland Cavaliers
3/17/2023,Minnesota Timberwolves,Chicago Bulls
3/17/2023,New Orleans Pelicans,Houston Rockets
3/17/2023,Memphis Grizzlies,San Antonio Spurs
3/17/2023,Boston Celtics,Portland Trail Blazers
3/17/2023,Dallas Mavericks,Los Angeles Lakers
3/18/2023,Denver Nuggets,New York Knicks
3/18/2023,Orlando Magic,Los Angeles Clippers
3/18/2023,Philadelphia 76ers,Indiana Pacers
3/18/2023,Minnesota Timberwolves,Toronto Raptors
3/18/2023,Miami Heat,Chicago Bulls
3/18/2023,Golden State Warriors,Memphis Grizzlies
3/18/2023,Sacramento Kings,Washington Wizards
3/18/2023,Boston Celtics,Utah Jazz
3/19/2023,Denver Nuggets,Brooklyn Nets
3/19/2023,Phoenix Suns,Oklahoma City Thunder
3/19/2023,Atlanta Hawks,San Antonio Spurs
3/19/2023,Miami Heat,Detroit Pistons
3/19/2023,New Orleans Pelicans,Houston Rockets
3/19/2023,Toronto Raptors,Milwaukee Bucks
3/19/2023,Los Angeles Clippers,Portland Trail Blazers
3/19/2023,Orlando Magic,Los Angeles Lakers
3/20/2023,Indiana Pacers,Charlotte Hornets
3/20/2023,Chicago Bulls,Philadelphia 76ers
3/20/2023,Minnesota Timberwolves,New York Knicks
3/20/2023,Golden State Warriors,Houston Rockets
3/20/2023,Dallas Mavericks,Memphis Grizzlies
3/20/2023,Sacramento Kings,Utah Jazz
3/21/2023,Washington Wizards,Orlando Magic
3/21/2023,Detroit Pistons,Atlanta Hawks
3/21/2023,Cleveland Cavaliers,Brooklyn Nets
3/21/2023,San Antonio Spurs,New Orleans Pelicans
3/21/2023,Boston Celtics,Sacramento Kings
3/21/2023,Oklahoma City Thunder,Los Angeles Clippers
3/22/2023,Denver Nuggets,Washington Wizards
3/22/2023,Golden State Warriors,Dallas Mavericks
3/22/2023,New York Knicks,Miami Heat
3/22/2023,Indiana Pacers,Toronto Raptors
3/22/2023,Philadelphia 76ers,Chicago Bulls
3/22/2023,Houston Rockets,Memphis Grizzlies
3/22/2023,San Antonio Spurs,Milwaukee Bucks
3/22/2023,Atlanta Hawks,Minnesota Timberwolves
3/22/2023,Portland Trail Blazers,Utah Jazz
3/22/2023,Phoenix Suns,Los Angeles Lakers
3/23/2023,New York Knicks,Orlando Magic
3/23/2023,Cleveland Cavaliers,Brooklyn Nets
3/23/2023,Charlotte Hornets,New Orleans Pelicans
3/23/2023,Oklahoma City Thunder,Los Angeles Clippers
3/24/2023,Indiana Pacers,Boston Celtics
3/24/2023,San Antonio Spurs,Washington Wizards
3/24/2023,Detroit Pistons,Toronto Raptors
3/24/2023,Houston Rockets,Memphis Grizzlies
3/24/2023,Charlotte Hornets,Dallas Mavericks
3/24/2023,Milwaukee Bucks,Utah Jazz
3/24/2023,Philadelphia 76ers,Golden State Warriors
3/24/2023,Chicago Bulls,Portland Trail Blazers
3/24/2023,Phoenix Suns,Sacramento Kings
3/24/2023,Oklahoma City Thunder,Los Angeles Lakers
3/25/2023,Indiana Pacers,Atlanta Hawks
3/25/2023,Brooklyn Nets,Miami Heat
3/25/2023,Milwaukee Bucks,Denver Nuggets
3/25/2023,Philadelphia 76ers,Phoenix Suns
3/25/2023,Utah Jazz,Sacramento Kings
3/25/2023,New Orleans Pelicans,Los Angeles Clippers
3/26/2023,Dallas Mavericks,Charlotte Hornets
3/26/2023,Chicago Bulls,Los Angeles Lakers
3/26/2023,Memphis Grizzlies,Atlanta Hawks
3/26/2023,San Antonio Spurs,Boston Celtics
3/26/2023,Houston Rockets,Cleveland Cavaliers
3/26/2023,Brooklyn Nets,Orlando Magic
3/26/2023,Washington Wizards,Toronto Raptors
3/26/2023,Oklahoma City Thunder,Portland Trail Blazers
3/26/2023,Minnesota Timberwolves,Golden State Warriors
3/27/2023,Milwaukee Bucks,Detroit Pistons
3/27/2023,Dallas Mavericks,Indiana Pacers
3/27/2023,Houston Rockets,New York Knicks
3/27/2023,Phoenix Suns,Utah Jazz
3/27/2023,Philadelphia 76ers,Denver Nuggets
3/27/2023,New Orleans Pelicans,Portland Trail Blazers
3/27/2023,Minnesota Timberwolves,Sacramento Kings
3/27/2023,Chicago Bulls,Los Angeles Clippers
3/28/2023,Boston Celtics,Washington Wizards
3/28/2023,Cleveland Cavaliers,Atlanta Hawks
3/28/2023,Miami Heat,Toronto Raptors
3/28/2023,Orlando Magic,Memphis Grizzlies
3/28/2023,Charlotte Hornets,Oklahoma City Thunder
3/28/2023,New Orleans Pelicans,Golden State Warriors
3/29/2023,Milwaukee Bucks,Indiana Pacers
3/29/2023,Houston Rockets,Brooklyn Nets
3/29/2023,Miami Heat,New York Knicks
3/29/2023,Dallas Mavericks,Philadelphia 76ers
3/29/2023,Los Angeles Lakers,Chicago Bulls
3/29/2023,Los Angeles Clippers,Memphis Grizzlies
3/29/2023,Detroit Pistons,Oklahoma City Thunder
3/29/2023,Utah Jazz,San Antonio Spurs
3/29/2023,Minnesota Timberwolves,Phoenix Suns
3/29/2023,Sacramento Kings,Portland Trail Blazers
3/30/2023,Boston Celtics,Milwaukee Bucks
3/30/2023,New Orleans Pelicans,Denver Nuggets
3/31/2023,Chicago Bulls,Charlotte Hornets
3/31/2023,Oklahoma City Thunder,Indiana Pacers
3/31/2023,Toronto Raptors,Philadelphia 76ers
3/31/2023,Orlando Magic,Washington Wizards
3/31/2023,Utah Jazz,Boston Celtics
3/31/2023,Atlanta Hawks,Brooklyn Nets
3/31/2023,New York Knicks,Cleveland Cavaliers
3/31/2023,Detroit Pistons,Houston Rockets
3/31/2023,Los Angeles Clippers,Memphis Grizzlies
3/31/2023,Los Angeles Lakers,Minnesota Timberwolves
3/31/2023,San Antonio Spurs,Golden State Warriors
3/31/2023,Sacramento Kings,Portland Trail Blazers
3/31/2023,Denver Nuggets,Phoenix Suns
4/1/2023,Dallas Mavericks,Miami Heat
4/1/2023,Los Angeles Clippers,New Orleans Pelicans
4/2/2023,Toronto Raptors,Charlotte Hornets
4/2/2023,Utah Jazz,Brooklyn Nets
4/2/2023,Memphis Grizzlies,Chicago Bulls
4/2/2023,Portland Trail Blazers,Minnesota Timberwolves
4/2/2023,Dallas Mavericks,Atlanta Hawks
4/2/2023,San Antonio Spurs,Sacramento Kings
4/2/2023,Detroit Pistons,Orlando Magic
4/2/2023,Washington Wizards,New York Knicks
4/2/2023,Los Angeles Lakers,Houston Rockets
4/2/2023,Phoenix Suns,Oklahoma City Thunder
4/2/2023,Philadelphia 76ers,Milwaukee Bucks
4/2/2023,Indiana Pacers,Cleveland Cavaliers
4/2/2023,Golden State Warriors,Denver Nuggets
4/4/2023,Toronto Raptors,Charlotte Hornets
4/4/2023,Milwaukee Bucks,Washington Wizards
4/4/2023,Cleveland Cavaliers,Orlando Magic
4/4/2023,Miami Heat,Detroit Pistons
4/4/2023,Minnesota Timberwolves,Brooklyn Nets
4/4/2023,Denver Nuggets,Houston Rockets
4/4/2023,Portland Trail Blazers,Memphis Grizzlies
4/4/2023,Sacramento Kings,New Orleans Pelicans
4/4/2023,Boston Celtics,Philadelphia 76ers
4/4/2023,Atlanta Hawks,Chicago Bulls
4/4/2023,Los Angeles Lakers,Utah Jazz
4/4/2023,Oklahoma City Thunder,Golden State Warriors
4/4/2023,San Antonio Spurs,Phoenix Suns
4/5/2023,Brooklyn Nets,Detroit Pistons
4/5/2023,New York Knicks,Indiana Pacers
4/5/2023,Washington Wizards,Atlanta Hawks
4/5/2023,Toronto Raptors,Boston Celtics
4/5/2023,Chicago Bulls,Milwaukee Bucks
4/5/2023,Memphis Grizzlies,New Orleans Pelicans
4/5/2023,Sacramento Kings,Dallas Mavericks
4/5/2023,Los Angeles Lakers,Los Angeles Clippers
4/6/2023,Cleveland Cavaliers,Orlando Magic
4/6/2023,Miami Heat,Philadelphia 76ers
4/6/2023,Portland Trail Blazers,San Antonio Spurs
4/6/2023,Oklahoma City Thunder,Utah Jazz
4/6/2023,Denver Nuggets,Phoenix Suns
4/7/2023,Houston Rockets,Charlotte Hornets
4/7/2023,Miami Heat,Washington Wizards
4/7/2023,Detroit Pistons,Indiana Pacers
4/7/2023,Orlando Magic,Brooklyn Nets
4/7/2023,Toronto Raptors,Boston Celtics
4/7/2023,Philadelphia 76ers,Atlanta Hawks
4/7/2023,Memphis Grizzlies,Milwaukee Bucks
4/7/2023,New York Knicks,New Orleans Pelicans
4/7/2023,Chicago Bulls,Dallas Mavericks
4/7/2023,Golden State Warriors,Sacramento Kings
4/7/2023,Phoenix Suns,Los Angeles Lakers
4/8/2023,Denver Nuggets,Utah Jazz
4/8/2023,Portland Trail Blazers,Los Angeles Clippers
4/8/2023,Minnesota Timberwolves,San Antonio Spurs
4/9/2023,Atlanta Hawks,Boston Celtics
4/9/2023,Philadelphia 76ers,Brooklyn Nets
4/9/2023,Detroit Pistons,Chicago Bulls
4/9/2023,Charlotte Hornets,Cleveland Cavaliers
4/9/2023,Orlando Magic,Miami Heat
4/9/2023,Indiana Pacers,New York Knicks
4/9/2023,Milwaukee Bucks,Toronto Raptors
4/9/2023,Houston Rockets,Washington Wizards
4/9/2023,San Antonio Spurs,Dallas Mavericks
4/9/2023,Sacramento Kings,Denver Nuggets
4/9/2023,Utah Jazz,Los Angeles Lakers
4/9/2023,New Orleans Pelicans,Minnesota Timberwolves
4/9/2023,Memphis Grizzlies,Oklahoma City Thunder
4/9/2023,Los Angeles Clippers,Phoenix Suns
4/9/2023,Golden State Warriors,Portland Trail Blazers